{"cameraMode":{"drawMode":0,"name":"Shaded","section":"Shading Mode"},"sceneLighting":true,"audioPlay":false,"sceneViewState":{"m_AlwaysRefresh":false,"showFog":true,"showSkybox":true,"showFlares":true,"showImageEffects":true,"showParticleSystems":true,"showVisualEffectGraphs":true,"m_FxEnabled":true},"in2DMode":false,"pivot":{"x":19.855100631713868,"y":10.001500129699707,"z":-2.5883049964904787},"rotation":{"x":0.02036028355360031,"y":-0.6564345955848694,"z":0.017728060483932496,"w":0.7539023160934448},"size":5.367694854736328,"orthographic":false}